first_name,last_name,country,city,total_revenue
Karl,Seal,United States,Cape Coral,221.55
Eleanor,Hunt,Réunion,Saint-Denis,216.54
Clara,Shaw,Belarus,Molodetno,195.58
Rhonda,Kennedy,Netherlands,Apeldoorn,194.61
Marion,Snyder,Brazil,Santa Brbara dOeste,189.62
Tommy,Collazo,Iran,Qomsheh,186.62
Wesley,Bull,Spain,Ourense (Orense),177.60
Tim,Cary,India,Bijapur,175.61
Marcia,Dean,Philippines,Tanza,174.59
June,Carroll,Algeria,Skikda,173.63
Ana,Bradley,United States,Memphis,171.67
Diane,Collins,Sudan,Omdurman,169.65
Lena,Jensen,India,Halisahar,168.68
Arnold,Havens,Philippines,Santa Rosa,167.67
Mike,Way,India,Valparai,166.65
Curtis,Irby,Canada,Richmond Hill,164.63
Tonya,Chapman,India,Bhilwara,161.68
Daisy,Bates,Russian Federation,Kolpino,161.63
Gordon,Allard,Yemen,Hodeida,160.68
Louis,Leone,Philippines,Tanauan,160.66
Brittany,Riley,Ukraine,Sumy,159.72
Warren,Sherrod,Russian Federation,Usolje-Sibirskoje,159.67
Mae,Fletcher,Spain,Donostia-San Sebastin,158.69
Steve,Mackenzie,Indonesia,Probolinggo,158.66
Priscilla,Lowe,Mexico,Salamanca,157.65
Harry,Arce,Iran,Najafabad,157.65
Guy,Brownlee,China,Zhoushan,156.69
Arthur,Simpkins,Russian Federation,Maikop,155.68
Sue,Peters,China,Changzhou,154.60
Sherry,Marshall,Egypt,Shubra al-Khayma,153.66
Shawn,Heaton,Thailand,Nakhon Sawan,152.67
Jessica,Hall,Holy See (Vatican City State),Citt del Vaticano,152.66
Michelle,Clark,Bangladesh,Tangail,152.66
Leslie,Seward,Indonesia,Pontianak,152.65
Neil,Renner,Vietnam,Cam Ranh,151.69
Alex,Gresham,Mexico,Uruapan,151.67
Maria,Miller,Serbia,Kragujevac,151.67
Naomi,Jennings,India,Karnal,151.66
Margie,Wade,China,Lengshuijiang,151.66
Alma,Austin,Germany,Mannheim,151.65
Alexander,Fennell,Italy,Bergamo,151.64
Marsha,Douglas,Mozambique,Beira,151.63
Ralph,Madrigal,Puerto Rico,Arecibo,150.66
Billy,Poulin,Philippines,Cabuyao,149.65
Duane,Tubbs,Nauru,Yangor,148.69
Jacqueline,Long,Thailand,Songkhla,148.67
Christopher,Greco,Italy,Brescia,147.69
Rosemary,Schmidt,Turkey,Usak,147.65
Brandon,Huey,Turkey,Balikesir,147.64
Gladys,Hamilton,Nigeria,Ilorin,146.69
Stacey,Montgomery,China,Fuyu,146.67
Roger,Quintanilla,Taiwan,Hsichuh,146.64
Tammy,Sanders,Taiwan,Changhwa,146.62
Zachary,Hite,United States,Akron,145.70
Nicholas,Barfield,Brazil,Belm,145.68
Bernice,Willis,Turkey,Batman,145.67
Troy,Quigley,Canada,Vancouver,144.70
Olga,Jimenez,Nigeria,Ogbomosho,144.68
Tanya,Gilbert,South Korea,Naju,144.67
Janice,Ward,Sweden,Malm,144.66
Roy,Whiting,Kenya,Nyeri,143.71
Elizabeth,Brown,Taiwan,Nantou,143.63
Jerry,Jordon,Japan,Onomichi,142.72
Violet,Rodriquez,Hong Kong,Kowloon and New Kowloon,142.70
Ryan,Salisbury,Latvia,Daugavpils,142.70
Catherine,Campbell,Russian Federation,Moscow,142.66
Minnie,Romero,Indonesia,Ciomas,142.66
Debra,Nelson,Brazil,Vila Velha,141.71
Lori,Wood,India,Rae Bareli,141.69
Sara,Perry,Mexico,Atlixco,141.67
Casey,Mena,Turkey,Tokat,141.66
Elsie,Kelley,Nigeria,Ikerre,141.63
Wanda,Patterson,Colombia,Sincelejo,140.71
Ramon,Choate,Ecuador,Robamba,140.69
Glenda,Frazier,China,Qinhuangdao,140.68
Alvin,Deloach,Mexico,Cuauhtmoc,139.71
Jamie,Rice,United States,Sterling Heights,139.71
Roberto,Vu,China,Yinchuan,139.70
Stanley,Scroggins,Japan,Omiya,139.70
Angela,Hernandez,Japan,Shimonoseki,139.65
Maurice,Crawley,Mexico,Coatzacoalcos,138.71
Sylvia,Ortiz,Colombia,Dos Quebradas,138.69
Charles,Kowalski,Malaysia,Sungai Petani,138.68
Jessie,Milam,China,Binzhou,138.68
Alice,Stewart,United States,Fontana,138.67
Brett,Cornwell,India,Siliguri (Shiliguri),138.66
Ella,Oliver,Yemen,Aden,137.69
Crystal,Ford,Israel,Ashdod,137.67
Gertrude,Castillo,Greenland,Nuuk,137.66
Greg,Robins,Vietnam,Nam Dinh,136.71
Russell,Brinson,Poland,Tychy,136.64
Miriam,Mckinney,Japan,Otsu,135.74
Linda,Williams,Greece,Athenai,135.74
Joe,Gilliland,Philippines,Imus,135.72
Jimmie,Eggleston,Poland,Wroclaw,135.72
Javier,Elrod,Chad,NDjamna,135.68
Ethel,Webb,South Africa,Boksburg,135.68
Kent,Arsenault,Brazil,Juiz de Fora,134.73
Marilyn,Ross,Nigeria,Ife,134.71
Raymond,Mcwhorter,Azerbaijan,Sumqayit,134.71
Joseph,Joy,Brazil,Angra dos Reis,134.70
Grace,Ellis,Germany,Duisburg,134.68
Julia,Flores,Argentina,La Plata,134.68
Dave,Gardiner,China,Leshan,134.68
Mitchell,Westmoreland,Vietnam,Nha Trang,134.68
Regina,Berry,China,Jinchang,134.67
Jorge,Olivares,Indonesia,Lhokseumawe,134.66
Don,Bone,Mozambique,Naala-Porto,133.75
Jeanne,Lawson,Turkmenistan,Ashgabat,133.74
Cheryl,Murphy,India,Mysore,133.73
Nathaniel,Adam,United States,Joliet,133.72
Tina,Simmons,Brazil,Goinia,133.72
Jennie,Terry,Czech Republic,Olomouc,133.71
Dana,Hart,Russian Federation,Kirovo-Tepetsk,133.71
Rosa,Reynolds,United States,Lancaster,133.70
Morris,Mccarter,Taiwan,Fengshan,133.68
Barry,Lovelace,Zambia,Kitwe,133.68
Bessie,Morrison,Italy,Syrakusa,132.72
Steven,Curley,India,Miraj,132.71
Ronald,Weiner,Mexico,San Felipe del Progreso,132.70
John,Farnsworth,India,Parbhani,132.70
Karen,Jackson,Turkey,Osmaniye,131.73
Miguel,Betancourt,Germany,Erlangen,131.73
James,Gannon,Japan,Hiroshima,131.70
George,Linton,Brazil,Sorocaba,131.67
Kathryn,Coleman,Ukraine,Simferopol,130.74
Eduardo,Hiatt,China,Jining,130.73
Joyce,Edwards,Saudi Arabia,Jedda,130.72
Gloria,Cook,French Polynesia,Papeete,130.71
Helen,Harris,India,Bhopal,130.70
Michele,Grant,China,Yuncheng,130.70
Dianne,Shelton,Iran,Tabriz,130.70
Debbie,Reyes,Japan,Fukuyama,130.68
Harold,Martino,Brazil,Boa Vista,130.68
Tracy,Herrmann,Ecuador,Loja,129.72
Salvador,Teel,Gambia,Banjul,129.70
Kathy,James,Philippines,Baybay,129.70
Courtney,Day,South Korea,Uijongbu,129.69
Virginia,Green,France,Toulouse,129.68
Patricia,Johnson,United States,San Bernardino,128.73
Eddie,Tomlin,Philippines,Ozamis,128.73
Jason,Morrissey,Argentina,Baha Blanca,128.72
Teresa,Rogers,Japan,Iwakuni,128.71
Monica,Hicks,Ukraine,Mukateve,128.70
Sherri,Rhodes,India,Ahmadnagar,128.67
Jim,Rea,Mexico,El Fuerte,128.67
Janet,Phillips,Chile,Antofagasta,127.73
Tracy,Cole,Mexico,Huixquilucan,127.71
Amy,Lopez,India,Jhansi,127.71
Terry,Carlson,Japan,Miyakonojo,127.71
Michael,Silverman,China,Tiefa,127.71
Walter,Perryman,China,Xinxiang,127.70
Marjorie,Tucker,Poland,Jastrzebie-Zdrj,127.68
Frank,Waggoner,Bangladesh,Jamalpur,127.68
Martha,Gonzalez,Moldova,Chisinau,127.66
Joanne,Robertson,Japan,Urawa,127.66
Milton,Howland,India,Vijayawada,126.76
Bradley,Motley,India,Purnea (Purnia),126.73
Terri,Vasquez,Brazil,Blumenau,126.73
Andre,Rapp,Chile,Coquimbo,126.72
Jordan,Archuleta,Argentina,Avellaneda,126.72
Jaime,Nettles,Peru,Hunuco,126.71
Ramona,Hale,India,Patiala,126.71
Isaac,Oglesby,Mexico,Cuernavaca,126.71
Shirley,Allen,Philippines,Davao,126.69
Veronica,Stone,United States,Greensboro,126.68
Thelma,Murray,Peru,Lima,126.68
Ruth,Martinez,South Africa,Kimberley,125.76
Cassandra,Walters,United States,Salinas,125.72
Alan,Kahn,China,Emeishan,124.74
Rick,Mattox,Egypt,Mit Ghamr,124.73
Gilbert,Sledge,United Kingdom,York,124.73
Florence,Woods,Argentina,Merlo,124.72
Bryan,Hardison,United States,Dallas,124.72
Viola,Hanson,Philippines,Lapu-Lapu,124.69
Joy,George,Romania,Botosani,124.67
Carrie,Porter,China,Liaocheng,124.66
Lynn,Payne,Malawi,Lilongwe,123.72
Nina,Soto,India,Palghat (Palakkad),123.71
Craig,Morrell,Philippines,Cavite,123.71
Marc,Outlaw,Italy,Brindisi,123.70
Melissa,King,Taiwan,Lungtan,123.66
Ben,Easter,Russian Federation,Kamyin,122.74
Eric,Robert,Argentina,Santa F,122.73
Brandy,Graves,United States,Warren,122.72
Christy,Vargas,China,Datong,122.69
Nathan,Runyon,"Virgin Islands, U.S.",Charlotte Amalie,122.68
Heidi,Larson,China,Xiangfan,122.66
Johnnie,Chisholm,Poland,Plock,121.76
Valerie,Black,United States,Brockton,121.74
Hilda,Hopkins,Philippines,Mandaluyong,121.72
Gerald,Fultz,India,Satna,121.70
Philip,Causey,Russian Federation,Korolev,121.69
Jeffery,Pinson,Pakistan,Dadu,121.69
Justin,Ngo,Brazil,Santo Andr,121.66
Paul,Trout,Russian Federation,Kursk,120.77
Arlene,Harvey,India,Ambattur,120.74
Dawn,Sullivan,Tuvalu,Funafuti,120.74
Sonia,Gregory,Nigeria,Benin City,120.74
Alfred,Casillas,Egypt,Sawhaj,120.74
Byron,Box,Kazakhstan,Zhezqazghan,120.71
Charlie,Bess,China,Baiyin,119.75
Hector,Poindexter,Russian Federation,Pjatigorsk,119.74
Beatrice,Arnold,India,Udaipur,119.74
Patsy,Davidson,Ecuador,Portoviejo,119.72
Audrey,Ray,Austria,Graz,119.71
Vickie,Brewer,Germany,Halle/Saale,119.70
Patrick,Newsom,Vietnam,Hanoi,119.69
Sally,Pierce,India,Chandrapur,119.68
Jamie,Waugh,Japan,Kuwana,118.75
Lee,Hawks,India,Pudukkottai,118.74
Tracey,Barrett,Nigeria,Owo,118.73
Misty,Lambert,United Arab Emirates,Sharja,118.73
Sandra,Martin,United Kingdom,Southend-on-Sea,118.72
Stephen,Qualls,Bangladesh,Dhaka,118.72
Nora,Herrera,Austria,Salzburg,118.72
Erik,Guillen,India,Bhimavaram,118.71
Joshua,Mark,India,Rampur,118.71
Mary,Smith,Japan,Sasebo,118.68
Leroy,Bustamante,China,Tongliao,118.68
Marshall,Thorn,United Kingdom,Southampton,117.77
Sam,Mcduffie,Colombia,Sogamoso,117.76
Fernando,Churchill,South Korea,Tonghae,117.75
Marlene,Welch,Japan,Iwaki,117.74
Clifton,Malcolm,Taiwan,Tanshui,117.73
Velma,Lucas,Nigeria,Effon-Alaiye,117.73
Ellen,Simpson,Brazil,Po,117.72
Ted,Breaux,China,Baicheng,117.71
Todd,Tan,Ukraine,Kamjanets-Podilskyi,117.71
Terrence,Gunderson,China,Jinzhou,117.70
Kevin,Schuler,Nepal,Birgunj,116.78
Edwin,Burk,South Africa,Newcastle,116.77
Sarah,Lewis,Latvia,Liepaja,116.71
Manuel,Murrell,Sri Lanka,Jaffna,116.70
Theodore,Culp,India,Uluberia,116.69
Maxine,Silva,Brazil,Poos de Caldas,116.68
Stephanie,Mitchell,Armenia,Yerevan,115.76
David,Royal,Peru,Callao,115.74
Reginald,Kinder,Indonesia,Madiun,115.72
Marion,Ocampo,China,Weifang,115.71
Clyde,Tobias,China,Shaoguan,115.71
Deborah,Walker,Pakistan,Shikarpur,115.71
Herman,Devore,Tanzania,Mwanza,115.71
Marcus,Hidalgo,Estonia,Tartu,115.70
Sharon,Robinson,Pakistan,Mardan,115.70
Angel,Barclay,Japan,Ueda,115.68
Jesus,Mccartney,Brazil,Guaruj,114.76
Cecil,Vines,United Kingdom,London,114.75
Douglas,Graf,Mexico,Mexicali,114.75
Jean,Bell,Malaysia,Kuching,114.74
Dolores,Wagner,Malaysia,Ipoh,114.74
Cathy,Spencer,Japan,Kakamigahara,114.73
Charlene,Alvarez,Tanzania,Zanzibar,114.73
Evelyn,Morgan,Liechtenstein,Vaduz,114.72
Dennis,Gilman,South Africa,Paarl,114.72
Becky,Miles,India,Tambaram,114.72
Matthew,Mahan,Mexico,Cuautla,114.69
Shelly,Watts,United States,Dayton,113.74
Glen,Talbert,Mexico,Acua,113.74
Rene,Mcalister,United States,Garden Grove,113.74
Amber,Dixon,Taiwan,Touliu,113.73
Edward,Baugh,Faroe Islands,Trshavn,113.73
Clifford,Bowens,Russian Federation,Nabereznyje Telny,113.71
Cindy,Fisher,Venezuela,Cuman,113.71
Kristin,Johnston,United States,Sunnyvale,113.70
Darlene,Rose,North Korea,Pyongyang,113.69
Perry,Swafford,Argentina,Quilmes,112.77
Tyrone,Asher,Bulgaria,Ruse,112.76
Ashley,Richardson,United States,Lincoln,112.75
Dale,Ratcliff,South Africa,Rustenburg,112.73
Betty,White,United States,Citrus Heights,112.73
Geraldine,Perkins,Israel,Tel Aviv-Jaffa,112.70
Mabel,Holland,Myanmar,Monywa,112.70
Calvin,Martel,Venezuela,Maracabo,111.77
Claude,Herzog,Angola,Benguela,111.75
Gabriel,Harder,Turkey,Sivas,111.74
Victoria,Gibson,Indonesia,Pemalang,111.73
Earl,Shanks,Japan,Iwatsuki,111.73
Carolyn,Perez,Thailand,Pak Kret,111.72
Holly,Fox,India,Haldia,111.70
Andy,Vanhorn,Mexico,Huejutla de Reyes,110.76
Aaron,Selby,"Congo, The Democratic Republic of the",Mwene-Ditu,110.76
Myrtle,Fleming,Dominican Republic,Santiago de los Caballeros,110.76
Claudia,Fuller,Kuwait,Jalib al-Shuyukh,110.75
Daryl,Larue,Iraq,Mosul,110.74
Georgia,Jacobs,India,Uttarpara-Kotrung,110.74
Bill,Gavin,United States,Rockford,110.74
Amanda,Carter,Morocco,Nador,110.73
Ruby,Washington,China,Meixian,110.72
Terrance,Roush,Hungary,Szkesfehrvr,110.72
Randy,Gaither,Russian Federation,Kurgan,110.72
Everett,Banda,Egypt,Bilbays,110.72
Ken,Prewitt,Romania,Bucuresti,110.71
Hazel,Warren,China,Hohhot,110.66
Dan,Paine,United Kingdom,Stockport,109.78
Brent,Harkins,Turkey,Sultanbeyli,109.78
Seth,Hannon,Bahrain,al-Manama,109.76
Leon,Bostic,Colombia,Florencia,109.75
Richard,Mccrary,United States,Arlington,109.75
Marie,Turner,Russian Federation,Lipetsk,109.75
Wallace,Slone,Nigeria,Sokoto,109.75
Larry,Thrasher,Turkey,Adana,109.75
Josephine,Gomez,India,Etawah,109.74
Dean,Sauer,South Africa,Johannesburg,109.73
Andrew,Purdy,Azerbaijan,Baku,109.73
Kristina,Chambers,Venezuela,Valle de la Pascua,109.72
Julian,Vest,Japan,Akishima,109.72
Kyle,Spurlock,China,Shanwei,109.71
Juanita,Mason,India,Pune,109.71
Laura,Rodriguez,Morocco,Sal,108.79
Frances,Parker,Brazil,Juazeiro do Norte,108.78
Darren,Windham,Italy,Livorno,108.76
Vicki,Fields,Germany,Witten,108.75
Sidney,Burleson,Poland,Czestochowa,108.75
Gina,Williamson,Yemen,Taizz,108.73
Lucille,Holmes,South Africa,Soshanguve,108.72
Carole,Barnett,United States,Peoria,108.70
Leonard,Schofield,Argentina,Tandil,108.69
Cynthia,Young,India,Munger (Monghyr),108.69
Lois,Butler,Brunei,Bandar Seri Begawan,108.66
Dora,Medina,China,Tianjin,107.77
Marian,Mendoza,Brazil,Maring,107.77
Elaine,Stevens,Russian Federation,Smolensk,107.76
Max,Pitt,Serbia,Novi Sad,107.76
Travis,Estep,Saudi Arabia,al-Qatif,107.76
Sergio,Stanfield,Mexico,Celaya,107.75
Deanna,Byrd,Philippines,Tuguegarao,107.74
Edna,West,South Africa,Klerksdorp,107.74
Mario,Cheatham,Algeria,Batna,107.73
Virgil,Wofford,Mexico,Jos Azueta,107.73
Heather,Morris,Japan,Nagareyama,107.72
Jeff,East,Dominican Republic,San Felipe de Puerto Plata,107.70
Peter,Menard,Netherlands,Ede,106.77
Carl,Artis,Paraguay,San Lorenzo,106.77
Carlos,Coughlin,India,Bhavnagar,106.77
Katie,Elliott,Kenya,Kisumu,106.76
Lillian,Griffin,United Arab Emirates,al-Ayn,106.75
Erin,Dunn,Russian Federation,Ljubertsy,106.73
Bobby,Boudreau,Anguilla,South Hill,106.65
Frederick,Isbell,Japan,Tsuyama,105.79
Lisa,Anderson,Japan,Sagamihara,105.77
Danielle,Daniels,Mexico,Hidalgo,105.75
Brad,Mccurdy,Taiwan,Chungho,105.75
Thomas,Grigsby,United States,Kansas City,105.75
Vincent,Ralston,Mexico,Allende,105.75
Yolanda,Weaver,Tanzania,Tabora,105.74
Diana,Alexander,United States,Augusta-Richmond County,105.73
Jimmy,Schrader,Russian Federation,Atinsk,105.71
Stella,Moreno,Mexico,Coacalco de Berriozbal,104.78
Leo,Ebert,China,Dongying,104.77
Rodney,Moeller,Nigeria,Deba Habe,104.77
Leah,Curtis,Poland,Kalisz,104.75
Francis,Sikes,Mexico,San Juan Bautista Tuxtepec,104.74
Mark,Rinehart,Saudi Arabia,Tabuk,104.74
Brenda,Wright,India,Kamarhati,104.74
Clarence,Gamez,Japan,Izumisano,104.70
Rose,Howard,French Guiana,Cayenne,103.78
Ron,Deluca,Japan,Isesaki,103.77
Bruce,Schwarz,Japan,Okinawa,103.77
Pedro,Chestnut,Ukraine,ostka,103.76
Kelly,Knott,China,Sanya,103.75
Carla,Gutierrez,India,Bhusawal,103.74
Denise,Kelly,Brazil,Rio Claro,103.73
Martin,Bales,Angola,Namibe,103.73
Nancy,Thomas,India,Yamuna Nagar,103.72
Jenny,Castro,Puerto Rico,Ponce,102.74
Micheal,Forman,Argentina,Escobar,102.74
Julie,Sanchez,Spain,A Corua (La Corua),102.72
Tom,Milner,United Arab Emirates,Abu Dhabi,102.69
Corey,Hauser,Turkey,Gaziantep,101.78
Adam,Gooch,India,Adoni,101.78
Robin,Hayes,Russian Federation,Jelets,101.77
Gail,Knight,Switzerland,Bern,101.77
Bertha,Ferguson,Nigeria,Ondo,101.75
Phillip,Holm,Japan,Tama,101.74
Erika,Pena,Finland,Oulu,101.74
Jesse,Schilling,"Congo, The Democratic Republic of the",Lubumbashi,101.74
Raul,Fortier,India,Chapra,100.80
Doris,Reed,Russian Federation,Balaiha,100.78
Connie,Wallace,Russian Federation,Ivanovo,100.77
Shannon,Freeman,India,Varanasi (Benares),100.76
Beth,Franklin,Vietnam,Haiphong,100.76
Gary,Coy,China,Yuzhou,100.76
Ronnie,Ricketts,Senegal,Ziguinchor,100.75
William,Satterfield,Yemen,Sanaa,100.74
Jeremy,Hurtado,Brazil,Vitria de Santo Anto,100.73
Jane,Bennett,Brazil,Araatuba,100.72
Oscar,Aquino,Iran,Sirjan,99.80
Ricardo,Meador,Japan,Okayama,99.79
Kelly,Torres,China,Xiangtan,99.78
Randall,Neumann,Dominican Republic,La Romana,99.77
Kurt,Emmons,Japan,Kanazawa,99.77
Chester,Benner,China,Suihua,99.76
Dorothy,Taylor,Iran,Esfahan,99.75
Dustin,Gillette,Netherlands,Emmen,99.75
Ross,Grey,Philippines,Iligan,99.73
Theresa,Watson,Philippines,Taguig,99.70
Kay,Caldwell,China,Yantai,98.80
Donna,Thompson,Russian Federation,Elista,98.79
Francisco,Skidmore,Brazil,So Leopoldo,98.78
Cody,Nolen,Brazil,So Bernardo do Campo,98.78
Agnes,Bishop,India,Sambhal,98.77
Clinton,Buford,United States,Aurora,98.76
Ivan,Cromwell,Mexico,Monclova,98.75
Pauline,Henry,Mexico,Torren,98.73
Daniel,Cabral,Brazil,Ibirit,97.80
Dwayne,Olvera,India,Rajkot,97.79
Renee,Lane,United States,Compton,97.74
Gene,Sanborn,Oman,Salala,97.73
Derek,Blakely,Philippines,Gingoog,97.72
Albert,Crouse,Cameroon,Bamenda,96.78
Willard,Lumpkin,Mexico,Carmen,96.78
Willie,Markham,Argentina,Almirante Brown,96.76
Louise,Jenkins,South Africa,Springs,96.76
Jose,Andrew,Saint Vincent and the Grenadines,Kingstown,96.75
Willie,Howell,Argentina,Vicente Lpez,96.75
Clayton,Barbee,Brazil,Alvorada,96.74
Lawrence,Lawton,Cameroon,Yaound,96.71
Shane,Millard,Mexico,La Paz,95.78
Christine,Roberts,French Polynesia,Faaa,95.78
Erica,Matthews,China,Pingxiang,95.78
Pamela,Baker,China,Nanyang,95.77
Benjamin,Varney,Mexico,Guadalajara,95.77
Toni,Holt,United States,Roanoke,95.77
Peggy,Myers,Saudi Arabia,Abha,95.77
Gwendolyn,May,Japan,Higashiosaka,95.76
Judy,Gray,Algeria,Bchar,95.76
Kimberly,Lee,Argentina,Crdoba,95.75
Edgar,Rhoads,Turkey,Eskisehir,95.75
Constance,Reid,Nigeria,Zaria,95.75
Ian,Still,United States,Garland,95.74
Enrique,Forsythe,Greece,Patras,95.73
Esther,Crawford,South Africa,Botshabelo,95.72
Judith,Cox,China,Daxian,95.68
Lonnie,Tirado,Indonesia,Pangkal Pinang,94.82
Derrick,Bourque,Canada,Gatineau,94.79
Nellie,Garrett,India,Shimoga,94.79
Annette,Olson,India,Allappuzha (Alleppey),94.78
Nicole,Peterson,India,Shivapuri,94.78
Laurie,Lawrence,India,Firozabad,94.78
Beverly,Brooks,Taiwan,Chiayi,94.77
Emma,Boyd,Egypt,Qalyub,94.77
Suzanne,Nichols,Indonesia,Jakarta,94.76
Freddie,Duggan,Peru,Sullana,94.76
Melvin,Ellington,China,Laohekou,94.75
Carmen,Owens,Venezuela,Caracas,94.75
Andrea,Henderson,Madagascar,Mahajanga,93.78
Stacy,Cunningham,Colombia,Pereira,93.78
Loretta,Carpenter,Canada,Oshawa,93.78
Harvey,Guajardo,Vietnam,Vinh,93.78
Glenn,Pullen,Netherlands,Amersfoort,93.77
Charlotte,Hunter,Brazil,guas Lindas de Gois,93.76
April,Burns,United Kingdom,Dundee,93.75
Jackie,Lynch,Colombia,Buenaventura,93.75
Howard,Fortner,Iran,Kermanshah,93.74
Jennifer,Davis,United States,Laredo,93.72
Rafael,Abney,Philippines,Talavera,92.80
Yvonne,Watkins,Venezuela,Ocumare del Tuy,92.79
Robert,Baughman,Russian Federation,Kaliningrad,92.79
Joel,Francisco,Bolivia,Sucre,92.78
Elmer,Noe,Cambodia,Battambang,92.76
Tamara,Nguyen,Brazil,Anpolis,92.76
Rita,Graham,France,Toulon,92.76
Susan,Wilson,New Zealand,Hamilton,92.76
Kathleen,Adams,Iran,Arak,92.73
Megan,Palmer,China,Laiwu,92.73
Wilma,Richards,United States,Bellevue,91.80
Danny,Isom,Pakistan,Okara,91.79
Delores,Hansen,Russian Federation,Jaroslavl,91.79
Timothy,Bunn,Brazil,Braslia,91.78
Carol,Garcia,Nigeria,Kaduna,91.78
Phyllis,Foster,China,Zalantun,91.77
Sean,Douglass,Ethiopia,Addis Abeba,91.77
Bob,Pfeiffer,China,Xintai,91.76
Scott,Shelley,United States,Aurora,91.76
Victor,Barkley,United States,Manchester,91.76
Darrell,Power,Canada,Halifax,91.75
Ricky,Shelby,China,Junan,91.75
Anna,Hill,Italy,Alessandria,90.80
Hugh,Waldrop,China,Haining,90.79
Mathew,Bolin,Venezuela,Valencia,90.78
Vivian,Ruiz,Netherlands,s-Hertogenbosch,90.77
Emily,Diaz,South Korea,Kimchon,90.77
Jeffrey,Spear,Indonesia,Ciparay,90.77
Jessie,Banks,Bulgaria,Stara Zagora,90.75
Ruben,Geary,Poland,Lublin,89.79
Julio,Noland,Ukraine,Konotop,89.79
Natalie,Meyer,Brazil,Aparecida de Goinia,89.79
Leslie,Gordon,Turkey,Kilis,89.78
Donald,Mahon,China,Ezhou,89.77
Lillie,Kim,Egypt,Idfu,89.77
Rebecca,Scott,Japan,Kurashiki,89.76
Jack,Foust,Russian Federation,Zeleznogorsk,89.76
Melanie,Armstrong,Philippines,Bayugan,89.76
Chad,Carbone,India,Katihar,89.75
Ernest,Stepp,China,Huaian,89.75
Keith,Rico,Slovakia,Bratislava,89.74
Vernon,Chapa,Turkey,Denizli,88.82
Tara,Ryan,Indonesia,Gorontalo,88.80
Mildred,Bailey,India,Jaipur,88.77
Jay,Robb,Indonesia,Surakarta,88.75
Allison,Stanley,Cambodia,Phnom Penh,88.75
Billie,Horton,Turkey,Inegl,88.74
Wendy,Harrison,Mexico,Nezahualcyotl,88.71
Kristen,Chavez,Japan,Hino,87.82
Jared,Ely,Indonesia,Purwakarta,87.81
Maureen,Little,Paraguay,Asuncin,87.79
Bonnie,Hughes,South Korea,Cheju,87.79
Anne,Powell,United Kingdom,Bradford,87.77
Fred,Wheat,Mexico,Jurez,87.76
Jon,Wiles,Bolivia,El Alto,87.76
Lewis,Lyman,Israel,Ashqelon,86.81
Vanessa,Sims,Germany,Siegen,86.81
Lorraine,Stephens,China,Hami,86.79
Felicia,Sutton,China,Korla,86.72
Tyler,Wren,China,Rizhao,85.80
Alfredo,Mcadams,Russian Federation,Serpuhov,85.80
Christian,Jung,India,Amroha,85.77
Lucy,Wheeler,India,Balurghat,85.76
Allen,Butterfield,India,Hoshiarpur,84.80
Margaret,Moore,Oman,Masqat,84.78
Rachel,Barnes,Japan,Kamakura,84.78
Joan,Cooper,United States,Saint Louis,84.77
Roberta,Harper,Iran,Shahr-e Kord,84.77
Eva,Ramos,United States,Clarksville,83.82
Austin,Cintron,China,Tieli,83.81
Armando,Gruber,United Kingdom,Southport,83.79
Bernard,Colby,India,Dhule (Dhulia),83.79
Wade,Delvalle,Switzerland,Lausanne,83.78
Kim,Cruz,United States,Grand Prairie,82.79
Lance,Pemberton,Morocco,Beni-Mellal,82.78
Colleen,Burton,Germany,Saarbrcken,82.77
Lydia,Burke,Argentina,San Miguel de Tucumn,82.76
Kenneth,Gooden,Israel,Bat Yam,81.84
Barbara,Jones,Myanmar,Myingyan,81.78
Melinda,Fernandez,Pakistan,Mandi Bahauddin,80.83
Eileen,Carr,Paraguay,Ciudad del Este,80.82
Christina,Ramirez,Saudi Arabia,al-Hawiya,80.82
Samuel,Marlow,India,Ranchi,80.79
Bobbie,Craig,Mexico,Valle de Santiago,80.76
Luis,Yanez,France,Brest,79.80
Jacob,Lance,United States,El Monte,79.79
Chris,Brothers,Spain,Gijn,79.79
Ray,Houle,Russian Federation,Dzerzinsk,79.78
Antonio,Meek,Brazil,Bag,78.84
Allan,Cornish,Philippines,Tarlac,78.82
Herbert,Kruger,Russian Federation,Syktyvkar,78.80
Alicia,Mills,India,Nagaon,78.80
Cory,Meehan,Belarus,Mogiljov,78.77
Paula,Bryant,India,Pathankot,77.82
Nelson,Christenson,Spain,Santiago de Compostela,77.80
Gregory,Mauldin,Tunisia,Sousse,77.78
Irene,Price,Kazakhstan,Pavlodar,77.77
Ann,Evans,Russian Federation,Niznekamsk,76.83
Pearl,Garza,India,Jodhpur,76.78
Ida,Andrews,Brazil,Luzinia,76.77
Marvin,Yee,India,Berhampore (Baharampur),75.79
Roland,South,China,Yingkou,75.78
Norman,Currier,Indonesia,Cianjur,75.75
Dwight,Lombardi,South Africa,Chatsworth,74.83
Norma,Gonzales,Philippines,Bislig,74.80
Franklin,Troutman,China,Zaoyang,74.78
Jerome,Kenyon,Chile,Rancagua,73.84
Henry,Billingsley,Tonga,Nukualofa,73.82
Sheila,Wells,Turkey,Ktahya,73.82
Jeanette,Greene,Russian Federation,Novoterkassk,73.81
Jo,Fowler,Nigeria,Oyo,73.80
Tony,Carranza,Japan,Koriyama,73.79
Darryl,Ashcraft,Argentina,Ezeiza,73.78
Juan,Fraley,Russian Federation,Teboksary,73.77
Jonathan,Scarborough,Mexico,Pachuca de Soto,72.82
Adrian,Clary,Italy,Udine,71.82
Terry,Grissom,Japan,Matsue,71.81
Eugene,Culpepper,China,Shenzhen,71.81
Edith,Mcdonald,India,Gandhinagar,71.81
Anthony,Schwab,American Samoa,Tafuna,71.80
Samantha,Duncan,Mexico,Matamoros,71.77
Irma,Pearson,Philippines,Hagonoy,70.82
Wayne,Truong,India,Gulbarga,70.81
Lauren,Hudson,France,Le Mans,70.81
Floyd,Gandy,Mexico,Zapopan,69.83
Penny,Neal,India,Kumbakonam,68.82
Jill,Hawkins,Austria,Linz,68.79
Felix,Gaffney,Lithuania,Vilnius,68.77
Vera,Mccoy,Afghanistan,Kabul,67.82
Joann,Gardner,Turkey,Tarsus,66.84
Lloyd,Dowd,Indonesia,Tegal,66.81
Lester,Kraus,India,Kanchrapara,65.84
Kirk,Stclair,Taiwan,Tsaotun,64.81
Alberto,Henning,Venezuela,Barcelona,63.80
Anita,Morales,India,Hubli-Dharwad,62.85
Tiffany,Jordan,China,Enshi,59.86
Mattie,Hoffman,United Kingdom,London,59.79
Katherine,Rivera,Switzerland,Basel,58.86
Annie,Russell,Mozambique,Tete,58.82
Johnny,Turpin,Sudan,al-Qadarif,57.81
Brian,Wyman,Poland,Bydgoszcz,52.88
Leona,Obrien,China,Fuzhou,50.86
Caroline,Bowman,United States,Tallahassee,50.85
